,iteration,train loss,val_seen loss,val_seen length,val_seen nav_error,val_seen oracle success_rate,val_seen success_rate,val_seen spl,val_unseen loss,val_unseen length,val_unseen nav_error,val_unseen oracle success_rate,val_unseen success_rate,val_unseen spl
0,100,1.1578630628585815,0.9524330919439143,4.136196450288049,9.930238260551857,0.07352941176470588,0.04607843137254902,0.039018650848753,0.9473198652267456,2.909780996375089,9.546874078616339,0.04555129842486164,0.035759897828863345,0.03477404902300317
1,200,0.9418056993484498,0.9423227743668989,1.7102436810651855,9.532026818393378,0.022549019607843137,0.0196078431372549,0.017818529884453718,0.9364733576774597,1.3040697703577766,9.336371741213949,0.009791400595998296,0.008088548318433376,0.007840485928164696
2,300,0.9404545783996582,0.932008882002397,2.835585709820072,9.41224338488081,0.047058823529411764,0.03529411764705882,0.03269038460515548,0.9317609190940858,2.7845253606111022,9.123799894094368,0.032779906343124735,0.02681992337164751,0.02501965109037052
3,400,0.9273147325515745,0.9257510965520684,4.580827856734857,9.174234230209185,0.11274509803921569,0.07745098039215687,0.06591357101907007,0.9299622694651286,4.083715999071264,8.855687111900721,0.07535121328224777,0.05491698595146871,0.04993872204549319
4,500,0.927450894355774,0.9302880460565739,5.1654716963805445,8.970628711745203,0.10686274509803921,0.0696078431372549,0.0595955039352766,0.9278279582659404,5.171816651339984,8.728444902491624,0.10557684120902512,0.07407407407407407,0.06643104467518252
5,600,0.920255560874939,0.9276992277665573,4.004089553050625,8.804015679882372,0.0892156862745098,0.08431372549019608,0.0806846454779164,0.9229742209116617,3.5777318117596626,8.661241032571438,0.06555981268624947,0.05236270753512133,0.05036470040902873
6,700,0.9159262218475342,0.9184651028026234,4.9647930544977195,8.645982796713136,0.11176470588235295,0.08333333333333333,0.07890575162453307,0.9331136624018351,4.745713255884678,8.668245803129771,0.09748829289059174,0.07237122179650915,0.06841561725487584
7,800,0.9137161645889281,0.9229016304016114,4.475686892182595,8.688607558253407,0.09803921568627451,0.08529411764705883,0.08019398793922264,0.9189022064208984,4.44605042909882,8.572028931756796,0.08301404853128991,0.06726266496381439,0.06434359193859578
8,900,0.9099864311218261,0.902101013877175,5.763854416367868,8.316507108725837,0.13333333333333333,0.11666666666666667,0.10669572889355722,0.9263802687327067,5.293177452585755,8.541018373430008,0.0970625798212005,0.07535121328224777,0.07128187641342151
9,1000,0.9101840019226074,0.912527119029652,6.359795960852293,8.212501601943272,0.1607843137254902,0.12549019607843137,0.11390013364176636,0.9203527371088663,5.867432833121556,8.55855490745975,0.11281396338867604,0.07790549169859515,0.07280576462013177
10,1100,0.9028131341934202,0.9122239979830656,7.400891344749036,8.296598917267426,0.17549019607843136,0.1284313725490196,0.11400437144669327,0.9301631251970927,6.876279318773679,8.527627711458855,0.14133673903788846,0.09493401447424436,0.08557874068181522
11,1200,0.899310073852539,0.8947177280079235,6.481703098998047,8.095276014354157,0.14607843137254903,0.10980392156862745,0.09735316173548446,0.9072868744532268,5.789731225385195,8.564448695483842,0.11196253724989357,0.08173690932311622,0.07547921338693919
12,1300,0.8945550537109375,0.899801731109619,7.7805646794859715,8.13883055923927,0.20980392156862746,0.14313725490196078,0.12486837385727313,0.9201548655827841,6.752185513377577,8.392352398808274,0.14516815666240954,0.10344827586206896,0.09162637414107482
13,1400,0.8906359624862671,0.9286605748263274,6.12743863602042,8.142877290998516,0.14705882352941177,0.10882352941176471,0.10041207539350476,0.9426560481389363,5.939652311467493,8.43025570550732,0.12473392933163048,0.09067688378033206,0.08355440264861129
14,1500,0.8930614748001098,0.8790156017650258,8.78510881119401,7.942017140386836,0.24901960784313726,0.1627450980392157,0.13424218321726633,0.9198490222295126,7.915680925097288,8.370454794144598,0.17965091528309918,0.1136653895274585,0.09423430822409289
15,1600,0.8848506298065186,0.8855891227722168,8.106241629026353,7.847128578203959,0.22254901960784312,0.1568627450980392,0.1339637430505181,0.9152164975802103,7.478736747456076,8.331963630167396,0.15964240102171137,0.10429970200085142,0.08725151204778601
16,1700,0.8811983432769774,0.9154469316655939,6.689509087362618,8.012236330226987,0.17254901960784313,0.12745098039215685,0.11265243395772366,0.9378879944483439,5.755297862607888,8.245204486801859,0.12941677309493402,0.09110259684972329,0.0831699158299845
17,1800,0.8826049280166625,0.8954505486921831,8.598670774437327,7.921911931886418,0.2647058823529412,0.1627450980392157,0.13518660242485114,0.922714630762736,7.76761736872783,8.403639683699886,0.1728395061728395,0.10770540655598126,0.09178234367182288
18,1900,0.8785135965347289,0.905440347844904,8.045225335114418,7.88829480092369,0.21862745098039216,0.1323529411764706,0.11252582178174843,0.9251037120819091,7.354774381716607,8.291142972742884,0.17071094082588337,0.11281396338867604,0.09930132892605882
19,2000,0.8721419391632079,0.8865926742553711,8.36500234330357,7.890455094407571,0.2372549019607843,0.14607843137254903,0.12360623535516298,0.9163703600565593,7.672012954517517,8.360942605662327,0.16773094934014474,0.10727969348659004,0.0929987473393528
20,2100,0.8727040605545042,0.8999425194480203,6.826439450345333,7.874374475861707,0.19117647058823528,0.13823529411764707,0.12354763567864652,0.9344464699427286,6.254541777711978,8.183491146833813,0.13409961685823754,0.09365687526607067,0.08522454335755587
21,2200,0.87100319480896,0.8683053970336915,8.803094817576177,7.766712188494378,0.2950980392156863,0.1892156862745098,0.15557789353224197,0.9230855902036031,7.793036348228379,8.396523849172397,0.199659429544487,0.12984248616432525,0.10856788775328595
22,2300,0.8686950192451475,0.8805212454362349,8.555815806345773,7.755376785623915,0.25392156862745097,0.1696078431372549,0.14336140390686833,0.9361239552497865,7.818439568895773,8.200134859670099,0.18177948063005533,0.11409110259684972,0.09618518635834239
23,2400,0.8723520975112913,0.8911727124994452,7.997484683763252,7.725506488900443,0.23137254901960785,0.15588235294117647,0.13171651046585853,0.9337537964185079,7.316363136475279,8.034855471495648,0.17752234993614305,0.11025968497232864,0.09468390050402849
24,2500,0.8665578880310058,0.885801549391313,7.485434935636184,7.576005935374838,0.2284313725490196,0.1627450980392157,0.14433040823093593,0.9362759510676065,6.6347965687437975,8.102003791622286,0.1698595146871009,0.11749680715197956,0.10513447735263136
25,2600,0.8646988935470583,0.8925646435130726,8.202490880800934,7.558701400572164,0.2284313725490196,0.16470588235294117,0.14113990856612402,0.9400195519129436,7.116252647643247,8.049574031665793,0.17369093231162197,0.1166453810131971,0.1008120292624679
26,2700,0.8642766995429993,0.8722859209234065,8.324729790550968,7.5013147499006,0.27058823529411763,0.17450980392156862,0.15123960151815313,0.9286253611246744,7.365770304146598,8.265241051868118,0.17581949765857813,0.1111111111111111,0.09567576590020557
27,2800,0.8599027137756348,0.8714183373884722,8.866163209879591,7.281627872634148,0.29411764705882354,0.1931372549019608,0.1640767461656475,0.9376531442006429,7.85979730825489,8.34464349015645,0.19071945508727117,0.11409110259684972,0.0972120029737622
28,2900,0.8576561017036438,0.878066990592263,8.608099582260241,7.527362081480762,0.2568627450980392,0.16666666666666666,0.13813038816208273,0.932088828086853,7.61000112407059,8.23164336572291,0.17965091528309918,0.10770540655598126,0.09156341295037143
29,3000,0.8536570415496826,0.9063083735379305,7.115018322396167,7.49859350356406,0.21176470588235294,0.15588235294117647,0.13953320790901777,0.9476349274317423,6.427716315267379,8.168746626981822,0.14601958280119198,0.10004257130693912,0.08892431507292146
30,3100,0.8571456341743469,0.8836198806762695,9.740854604590616,7.366218584735382,0.3196078431372549,0.19411764705882353,0.15754682971868295,0.9332498391469319,8.531431006448834,8.173948858407718,0.23712217965091528,0.1332481907194551,0.11393403683046832
31,3200,0.8532846231460574,0.8716118985956364,8.616155142001396,7.313832926913184,0.2774509803921569,0.17647058823529413,0.14978398269048412,0.9464960694313049,7.516873826569804,7.984509506494178,0.1894423158790975,0.12132822477650064,0.10490483600982255
32,3300,0.8507740230560301,0.8815876267173074,7.573404891225389,7.258119007578254,0.2607843137254902,0.18137254901960784,0.15748922388275433,0.9317645033200583,6.46218832012889,8.022718620451624,0.16219667943805874,0.11749680715197956,0.1064547806757091
33,3400,0.8509698657989503,0.8704967498779297,8.865689106882607,7.31901410825593,0.2901960784313726,0.18235294117647058,0.15177327421464823,0.9481699824333191,7.915109311347677,8.109216292618056,0.19710515112813964,0.12473392933163048,0.10685997615288538
34,3500,0.8523578138351441,0.878330880945379,9.75392050880614,7.2937701980025995,0.32745098039215687,0.19607843137254902,0.16386188859362208,0.954085640112559,9.0160502893368,8.433445309992402,0.22860791826309068,0.13452532992762878,0.10869666256182994
35,3600,0.8478511610031128,0.8871700026772238,8.781520245295878,7.163063694695001,0.3058823529411765,0.2088235294117647,0.17941110148820386,0.9398700594902039,7.764053702569851,8.161854882124622,0.221796509152831,0.14772243507875693,0.12792229586030288
36,3700,0.8430619349479673,0.8680164597251199,8.923924576735407,7.237002497695885,0.3,0.19607843137254902,0.16276663911342157,0.92518257300059,7.898050210093998,8.161923557926537,0.21030225627926777,0.13239676458067262,0.1133207756704766
37,3800,0.8447716765403745,0.8758054993369363,10.454804075198068,7.121142559845712,0.3656862745098039,0.22549019607843138,0.18106426809252857,0.9339138984680174,9.170125133317242,8.159825525442999,0.24648786717752236,0.14346530438484462,0.11648272552611727
38,3900,0.8422667517662046,0.8648855296048251,8.547227384106723,7.106298262984503,0.3029411764705882,0.19705882352941176,0.1718875670271447,0.9415592352549235,7.326699237619746,8.054235649727394,0.21115368241805024,0.1528309919114517,0.13551856839951884
39,4000,0.8413507056236266,0.8951914873990146,8.666907565800944,7.204596118457742,0.30098039215686273,0.2088235294117647,0.17865107645462555,0.9598838369051615,7.38665291334547,8.077708751135129,0.19540229885057472,0.13197105151128138,0.1172935353350852
40,4100,0.8400750327110292,0.8753841660239481,8.842917485576521,6.975110303043955,0.31862745098039214,0.23431372549019608,0.2011789870860836,0.9416640162467956,7.551188175442769,7.9614060629767796,0.21881651766709237,0.14005959982971478,0.12379451474206986
41,4200,0.8387800292968751,0.884605563770641,8.882178436682135,6.926126231192246,0.31862745098039214,0.22254901960784312,0.18821776486669203,0.9369325558344523,8.053901819295515,8.083170091185796,0.2260536398467433,0.14601958280119198,0.12595767881664496
42,4300,0.8343378701210022,0.8616418665105645,9.349928832265972,6.83933801489554,0.33137254901960783,0.23137254901960785,0.19230116153988186,0.9547965327898661,8.046633409550687,7.994075559294588,0.24052788420604512,0.15495955725840782,0.1323273303709638
43,4400,0.8348060998916625,0.8797425009987571,9.225150387560387,6.929630745218463,0.35490196078431374,0.2529411764705882,0.212644411386284,0.950928254922231,7.82946248750827,8.15363746371093,0.23158790974882928,0.15964240102171137,0.13813842732174425
44,4500,0.8362928080558777,0.8623531688343395,8.995029136603641,6.917319411270131,0.3382352941176471,0.2372549019607843,0.20284521211985218,0.9380060990651448,7.826987470578645,8.159249936295184,0.23797360578969776,0.1668795232013623,0.14652720756547413
45,4600,0.832068380832672,0.8751322052695535,10.532716819948769,6.895574581611929,0.38235294117647056,0.24019607843137256,0.19600566429205077,0.9408435066541037,8.905167552752788,8.103052459255187,0.2613878246062154,0.1698595146871009,0.1386868787209414
46,4700,0.8329559183120729,0.8658681609413841,8.19614875883918,6.869184564268037,0.33431372549019606,0.25,0.21996187158856617,0.9516295433044434,6.8276578634472695,8.058132624015231,0.19029374201787994,0.14261387824606214,0.13017953277909805
47,4800,0.8308326406478883,0.8733750343322754,9.168713802963087,6.924089989342611,0.3637254901960784,0.2627450980392157,0.21841258442907818,0.9453606883684794,7.935280252962017,8.263224482146901,0.2222222222222222,0.14857386121753938,0.12680757046902102
48,4900,0.8299998564720155,0.8659618290987883,9.948400562701593,6.744407619789119,0.36176470588235293,0.2656862745098039,0.21655756093614623,0.9572285215059916,8.555660653799457,8.079622043266275,0.25287356321839083,0.16560238399318858,0.13717753029153376
49,5000,0.8254732947349549,0.864412715218284,9.459228935357073,6.952232936519747,0.3637254901960784,0.25,0.21049757912373465,0.9580565571784972,7.6967014155526625,7.918468930438452,0.24606215410813112,0.1724137931034483,0.15234539817176557
50,5100,0.8212297019958494,0.8587863141840155,9.215389809886112,6.9809716916045526,0.35294117647058826,0.25392156862745097,0.20946897885064322,0.9612614870071411,7.660645368056829,7.9960107215817375,0.22392507449978713,0.16389953171562366,0.1431140596233191
51,5200,0.8259379839897156,0.8796734983270817,9.970866236059303,7.149343335549403,0.3735294117647059,0.23627450980392156,0.19687415258785546,0.9516861478487652,8.667250192656697,8.311797776679477,0.24308216262239252,0.15921668795232014,0.1322158368476142
52,5300,0.8235553855895996,0.8759089903397995,9.233065866777332,6.806071471245445,0.3696078431372549,0.25392156862745097,0.21735600988849954,0.9680171648661297,7.668469917880523,8.136028991872942,0.22860791826309068,0.16262239250744998,0.14296609192258053
53,5400,0.8167622752189636,0.8761584715409712,10.021979659284865,6.86709139467429,0.39509803921568626,0.2696078431372549,0.21902848702552266,0.9723621010780334,8.353947902851397,7.8543034930396365,0.2664963814389102,0.1868880374627501,0.15831380226346461
54,5500,0.8162603650093078,0.8678255688060414,10.289125700521394,6.890285938900936,0.38333333333333336,0.2519607843137255,0.20414525244503307,0.9681825757026673,8.516739992225023,7.888858524728137,0.2626649638143891,0.1715623669646658,0.14140347392025526
55,5600,0.821061595439911,0.8733566024086692,9.939245063699294,6.723281100808675,0.3813725490196078,0.26176470588235295,0.21304306098748726,0.9633910298347473,8.174371924444841,7.860639920893646,0.2498935717326522,0.17922520221370797,0.15092221793296517
56,5700,0.8226343002319338,0.8556451970880681,10.169373502778463,6.897626920863665,0.39019607843137255,0.2696078431372549,0.21675777588050232,0.9545758088429769,8.357621410373488,8.069348826258976,0.2571306939123031,0.17326521924223073,0.1449399653362299
57,5800,0.8120140671730042,0.8615367889404296,9.783672977848042,6.650657290243993,0.3980392156862745,0.2823529411764706,0.23685486642314837,0.9719523866971334,7.996287156420728,8.106051861590586,0.23754789272030652,0.1673052362707535,0.1435977032629295
58,5900,0.8183645329475402,0.8732056877829812,10.452440521444528,6.776793190313398,0.39509803921568626,0.257843137254902,0.21170279914392387,0.9766932487487793,8.727848738736897,8.134367229784246,0.26479352916134524,0.17581949765857813,0.14552674635250934
59,6000,0.8134530534744262,0.8625957575711336,9.357531492943314,6.513903098497615,0.38823529411764707,0.2872549019607843,0.24238074502817133,0.9574074824651082,7.4856575341235265,7.849669409141595,0.23839931885908897,0.17752234993614305,0.15148579006564783
60,6100,0.809956865787506,0.8690481012517757,9.487606770463174,6.695830151842112,0.3735294117647059,0.26176470588235295,0.22167690894985118,0.9674759348233541,7.525393646210149,8.06391807223596,0.22818220519369944,0.16347381864623245,0.1414176786363467
61,6200,0.8094454445838929,0.8776537635109641,10.528399930775391,6.729521670115842,0.4088235294117647,0.2852941176470588,0.23010335428021636,0.9830781936645508,8.328066970891902,8.09562880828255,0.25202213707960835,0.17667092379736057,0.14910815472949404
62,6300,0.8098816919326782,0.8889268788424406,9.695484158312116,6.555045595383297,0.39509803921568626,0.29411764705882354,0.2515872162805866,0.9751056750615438,7.833700563793474,8.134193100833185,0.24904214559386972,0.1868880374627501,0.16318391055388048
63,6400,0.8061397075653075,0.8738791379061612,8.889026191730338,6.531514432679433,0.3686274509803922,0.28431372549019607,0.2444697795906258,0.9964089115460714,7.203466065575022,7.886094249534932,0.22392507449978713,0.16049382716049382,0.14246811272220383
64,6500,0.806028700351715,0.9027671467174183,9.863717277539784,6.546277896690279,0.4088235294117647,0.28627450980392155,0.23581228744708324,0.9775441567103068,8.154615047177934,7.784386128394744,0.2503192848020434,0.17965091528309918,0.15266133958337702
65,6600,0.8011441102027892,0.9010113369334828,9.892960454240963,6.378954993263867,0.4019607843137255,0.2823529411764706,0.235748203170123,0.994598400592804,8.061698486983623,7.883625431878167,0.26436781609195403,0.19327373350361857,0.16650990134730842
66,6700,0.8018327240943909,0.8795389955694026,10.16346547701288,6.427345603853715,0.4,0.27156862745098037,0.2236325288832685,0.9960462490717571,8.084543052392137,7.818940011446575,0.25287356321839083,0.17879948914431673,0.15079650149004034
67,6800,0.7993656525611875,0.8590241865678266,10.04912869454719,6.521903660595656,0.41568627450980394,0.29705882352941176,0.24797810693348643,0.9781890630722047,8.106015838343819,7.876534066710289,0.24521072796934865,0.17752234993614305,0.14955392314544336
68,6900,0.7989761881828308,0.8841136152094061,9.477710138703273,6.387701228266346,0.4,0.3058823529411765,0.26328687776082904,0.9896035949389139,7.6010369691612,7.840295743088305,0.24010217113665389,0.17667092379736057,0.15392890141761315
69,7000,0.8017354383468629,0.8649304736744273,9.43625604289809,6.376436194953474,0.4196078431372549,0.3176470588235294,0.2760648804407939,0.9840428551038106,7.327320723114932,7.785154337789187,0.2473392933163048,0.18603661132396765,0.1625709450627768
70,7100,0.797572694301605,0.8704868143255061,10.68760605778594,6.444739074626842,0.4303921568627451,0.28921568627450983,0.23508991758911377,0.9922564864158631,8.451001703095725,7.886272686479156,0.2681992337164751,0.1839080459770115,0.15276651718594061
71,7200,0.7963291606903076,0.8765012480995871,10.205739190029814,6.410181773642675,0.4411764705882353,0.3137254901960784,0.26106860513038976,0.9777421355247498,8.034575488771146,8.009607130087089,0.2545764154959557,0.18859088974031502,0.15911241445751845
72,7300,0.7935980582237243,0.8909980687228116,10.922642145349617,6.532297505597858,0.43823529411764706,0.2980392156862745,0.2432851333845987,0.9925678412119548,8.653576450992992,7.874498064072821,0.2737335036185611,0.199659429544487,0.1666042765790874
73,7400,0.7958010058403014,0.8812159624966708,8.825265731710369,6.337324249072922,0.3813725490196078,0.3,0.26764282839129666,0.9947854320208233,6.771984441848626,7.789898107186308,0.21668795232013624,0.16560238399318858,0.14821669017508185
74,7500,0.7908317899703978,0.8720130140131169,11.538046976383022,6.514778723408943,0.44607843137254904,0.2911764705882353,0.22944595712957733,1.0006992459297182,8.987276001430104,8.190978803256888,0.2775649212430822,0.18603661132396765,0.15130221059985302
75,7600,0.7910286798477175,0.8895333810286089,10.004505935690695,6.395832205669492,0.42549019607843136,0.3088235294117647,0.26163613434831795,0.9847699642181397,7.929817882042696,7.88727633431164,0.25627926777352067,0.18305661983822905,0.1573890489876492
76,7700,0.7858397965431213,0.8767312570051714,10.141422048470465,6.381278877935609,0.4343137254901961,0.3088235294117647,0.26215652521645244,1.0079291224479674,8.15257937963593,8.014840044617644,0.24946785866326096,0.1809280544912729,0.1539700749108698
77,7800,0.7888519544601439,0.8840728152881968,9.866272335133287,6.292028190426761,0.42254901960784313,0.30196078431372547,0.25827711108083873,1.009222388267517,7.937650113999078,7.82319491371936,0.2413793103448276,0.17581949765857813,0.15171421255894957
78,7900,0.7881069908142091,0.8708790172230113,10.250189730978239,6.276627786930175,0.4392156862745098,0.3176470588235294,0.2695419693403209,0.9928944150606792,7.9018421597999575,7.998034420920093,0.2601106853980417,0.1881651766709238,0.16203317538810932
79,8000,0.7851157584190368,0.8730494239113546,10.342433470246725,6.416878118168738,0.44509803921568625,0.3137254901960784,0.26116213166090047,0.9960815747578939,8.025641307641816,7.950959619635594,0.26394210302256277,0.2064708386547467,0.17528576032950588
80,8100,0.7820298275947571,0.8664960514415395,10.208275382682023,6.294424718997745,0.453921568627451,0.31862745098039214,0.2665663864314818,1.001196599006653,7.835452291492335,8.033543633301667,0.25627926777352067,0.18305661983822905,0.1580007825389311
81,8200,0.7831875853538512,0.8927552483298562,9.92482168498521,6.16708215869313,0.45588235294117646,0.346078431372549,0.29319490349520166,1.0116114775339762,7.844803348831111,7.764330574526101,0.26394210302256277,0.19071945508727117,0.16364709892727394
82,8300,0.7794520988464356,0.8513024026697331,11.210885197753955,6.410390574224342,0.47352941176470587,0.31666666666666665,0.25836052272755616,0.9961322188377381,8.760512911042369,7.9838219090154485,0.28139633886760324,0.19753086419753085,0.16162969358208074
83,8400,0.777338559627533,0.8722882790998979,11.042338191854515,6.41294083836184,0.46568627450980393,0.3176470588235294,0.2641427910480399,0.9987890680631001,8.251404693590215,8.13132412919981,0.2622392507449979,0.18050234142188165,0.15138870397750853
84,8500,0.781822895526886,0.8843182997270064,10.653521775703862,6.377098025304331,0.46176470588235297,0.33725490196078434,0.2818411577383057,1.0097723364830016,8.380226565545453,7.93648024145168,0.2767134951042997,0.19455087271179225,0.1648004756068655
85,8600,0.7753089399337767,0.8971132191744718,10.73809505743796,6.185536712446654,0.47549019607843135,0.32254901960784316,0.2682248850703525,1.0234843850135804,8.04780150513907,7.864449033457059,0.2545764154959557,0.17794806300553426,0.1509532680833639
86,8700,0.7741972765922546,0.8807388825850052,10.77416250137243,6.2245838538297775,0.4774509803921569,0.3382352941176471,0.2811281155653603,1.005042588710785,8.263824557236559,7.8455525614638155,0.2660706683695189,0.18773946360153257,0.15626710810211208
87,8800,0.776297176361084,0.8908140269192782,11.097768099273898,6.250996363182495,0.4823529411764706,0.3235294117647059,0.26255477833654395,1.017213499546051,8.306368173955551,8.044943344120313,0.25798212005108556,0.18433375904640273,0.15351897963720024
88,8900,0.7712702288627626,0.8954132773659446,9.768234733873282,6.255034282449992,0.44901960784313727,0.3382352941176471,0.2865780405424891,1.0309670170148213,7.51324616441972,8.041465819921177,0.24563644103873988,0.17581949765857813,0.15265935904046743
89,9000,0.7714110136032103,0.8716280417008835,10.847350650732123,6.481723588023522,0.45294117647058824,0.30490196078431375,0.24702755155424383,1.0069421887397765,8.47456179831009,8.029843504396673,0.2784163473818646,0.19710515112813964,0.16535238841851566
90,9100,0.7686004438400269,0.8677343455227938,10.104520778303769,6.169153660676342,0.46862745098039216,0.35294117647058826,0.30586097103270304,1.0199077248573303,7.733823931115529,7.942345495480391,0.25840783312047677,0.18007662835249041,0.15400953387022084
91,9200,0.7722927999496462,0.8615056991577149,10.312739449967122,6.145026127932618,0.4764705882352941,0.3656862745098039,0.3090844255394784,1.0179519057273865,7.853915474733813,7.897552314108161,0.26053639846743293,0.18773946360153257,0.1595887671971961
92,9300,0.765673801422119,0.8806952476501464,10.540633457513033,6.350464531107779,0.4647058823529412,0.32745098039215687,0.2723057688043176,1.0326757669448854,7.938600102433923,7.794484455295344,0.27458492975734355,0.20051085568326948,0.17097936443436793
93,9400,0.7689771928787232,0.8802139889110219,10.791588118887939,6.253138948044463,0.46568627450980393,0.3352941176470588,0.2771756220654126,1.0049601793289185,8.144934541202751,7.873184994742806,0.2677735206470839,0.19029374201787994,0.16076975896221937
94,9500,0.7634573268890379,0.8751981388438832,10.386048764392575,6.225802758752359,0.4774509803921569,0.3480392156862745,0.2960463340449687,1.0272988041241964,7.997512528799061,7.936850422355234,0.25883354618986804,0.18901660280970625,0.16444255187772575
95,9600,0.7627956557273865,0.8920162200927734,10.560220547746223,6.272973897176504,0.4764705882352941,0.3411764705882353,0.2848162698420856,1.0286436239878336,8.012495165306563,7.763785330310209,0.2554278416347382,0.18220519369944657,0.153770574923981
96,9700,0.7650100812911989,0.892628964510831,10.481044071973239,6.2544948418542194,0.45784313725490194,0.32745098039215687,0.27364882913304994,1.0137762983640035,8.015594369623145,7.767808571015724,0.26862494678586635,0.20008514261387825,0.1699435490282924
97,9800,0.7627301454544066,0.8739319931377065,10.599500389972372,6.241509236520154,0.4852941176470588,0.34509803921568627,0.29392799971839156,1.0189648509025575,8.285228488744602,7.938169768214211,0.2852277564921243,0.20987654320987653,0.178704210973259
98,9900,0.7599916849136352,0.8616629773920231,11.258986660316099,6.213689761770021,0.5029411764705882,0.3303921568627451,0.2693510492064608,1.0164304931958517,8.62951392776114,7.851401792885662,0.28139633886760324,0.20391656023839932,0.1693877772394722
99,10000,0.7608532361984253,0.890382194519043,10.958684771265364,6.265467591325798,0.49117647058823527,0.3362745098039216,0.27659561013250594,1.028770411014557,8.319143784531718,7.874236215948742,0.2784163473818646,0.19540229885057472,0.16538455208878716
100,10100,0.7575171766281129,0.8729567701166328,10.305059680443629,6.250283078616414,0.4568627450980392,0.32941176470588235,0.27651180668542036,1.0198876818021139,7.84025504668739,7.918111744260128,0.2669220945083014,0.19880800340570456,0.17171054776320593
101,10200,0.7572036538124085,0.8886731841347436,10.862494694899375,6.1780691427889876,0.4764705882352941,0.3382352941176471,0.2843116109745076,1.026508943239848,8.240174870121802,7.982639321496921,0.2609621115368242,0.19071945508727117,0.16116714877388158
102,10300,0.7522760272026062,0.8815357555042613,10.497027355379728,5.9934738741228895,0.5,0.3686274509803922,0.31727819112404604,1.0226100842158,7.984317091970901,7.970374291219993,0.26436781609195403,0.19284802043422733,0.16727035314174699
103,10400,0.7558278670310975,0.9003475882790307,10.587123779806861,6.092238070911747,0.4774509803921569,0.3519607843137255,0.2951867213317657,1.05208025376002,8.085111683268519,7.922924679651786,0.26990208599404003,0.20476798637718177,0.17393414019349265
104,10500,0.7480341711044312,0.8902243614196778,11.218533311177236,6.363795864718691,0.4950980392156863,0.32941176470588235,0.2729954621842909,1.0438699483871459,8.563157387485933,8.06600844113932,0.28182205193699444,0.1936994465730098,0.16052056307065563
105,10600,0.7500160422325134,0.8746431957591664,10.409308524800487,6.083843279626718,0.4852941176470588,0.3558823529411765,0.30212763225774886,1.0430092255274455,8.216912851309607,7.92859420581169,0.2711792252022137,0.19753086419753085,0.1690885128052753
106,10700,0.7486173214912414,0.8900522232055663,10.711880498449672,6.214746841178747,0.48627450980392156,0.346078431372549,0.2877229662203638,1.0464470903078718,7.991156077534406,7.878606770108595,0.27032779906343124,0.1839080459770115,0.1561370716514336
107,10800,0.7480793256759642,0.8825823827223345,10.34736904888366,6.149098948631713,0.4872549019607843,0.3519607843137255,0.30502209136943914,1.0507166504859924,7.983143104668387,7.763279389215409,0.27586206896551724,0.20178799489144317,0.17384549943232297
108,10900,0.7479018435478213,0.8992210474881258,9.248457864961507,6.213017327356931,0.4362745098039216,0.32745098039215687,0.28838031150310545,1.0383909742037456,7.191558391259569,7.968370295741528,0.22903363133248192,0.17922520221370797,0.15915328632603284
109,11000,0.7448379864692689,0.878984347256747,10.274888162459684,6.1100202203171055,0.4774509803921569,0.3588235294117647,0.30339037640122335,1.0418924649556478,7.674621091283757,7.894213149327404,0.25244785014899956,0.1979565772669221,0.16947690677600277
110,11100,0.7431596326828003,0.8778127410195092,10.447776668065321,6.201245197488177,0.4843137254901961,0.34901960784313724,0.29824870841191875,1.0363494396209718,8.12766713473349,7.942378802227953,0.27032779906343124,0.194125159642401,0.16556122230163106
111,11200,0.7426117320060732,0.8734297145496716,10.515554978161484,6.171395045181072,0.46372549019607845,0.34411764705882353,0.29112083448300635,1.0309916019439698,7.944604869233847,7.793316339889749,0.2664963814389102,0.2081736909323116,0.17879124275341854
112,11300,0.7430017342567444,0.8826266895640981,9.902203786934033,5.802873428241574,0.48333333333333334,0.3686274509803922,0.32342015546304276,1.0432931621869406,7.587355893985844,7.747169141361427,0.26309067688378035,0.19710515112813964,0.17348621699893957
113,11400,0.7397813987731935,0.8841056390242144,10.987466006887178,6.156159498905136,0.5019607843137255,0.3588235294117647,0.30111205813929925,1.0575555046399436,8.44473274266015,8.018872921280938,0.27458492975734355,0.1949765857811835,0.16537967888444813
114,11500,0.7393951759338379,0.892838460748846,11.45371226230763,6.003449675640729,0.5078431372549019,0.346078431372549,0.27714180495486723,1.0422382314999898,8.680819265199053,7.8690302514508295,0.2767134951042997,0.199659429544487,0.16407185475897884
115,11600,0.7388233075141906,0.8928498788313433,10.778269676798821,6.190814816886869,0.4843137254901961,0.34705882352941175,0.2909852289512677,1.0492143789927164,8.093184288076806,7.925594722121183,0.2724563644103874,0.199659429544487,0.16674962533938675
116,11700,0.740236668109894,0.8863231745633212,11.00862106816732,6.168131683246809,0.49117647058823527,0.3519607843137255,0.2940360530027208,1.0375615239143372,8.454720203446438,7.771848179734528,0.27884206045125587,0.20859940400170285,0.17398181452011832
117,11800,0.7336170048713684,0.883219372142445,11.264848402668873,6.202107364166755,0.4980392156862745,0.3215686274509804,0.2661049163967364,1.049514909585317,8.627278707617906,8.00656092200598,0.2835249042145594,0.199659429544487,0.16615620622341626
118,11900,0.7319459433555603,0.9166966178200461,10.794551590960625,6.199182612358736,0.49411764705882355,0.3607843137254902,0.3120568112898914,1.0788485924402873,8.045896209106102,7.883764533521781,0.28182205193699444,0.21455938697318008,0.18731273511745458
119,12000,0.7305406227111818,0.8969724828546698,10.614003959672171,5.949829870621306,0.4803921568627451,0.3392156862745098,0.28724386223868825,1.0627403179804482,7.923444385906077,7.695712247278205,0.27330779054916987,0.20561941251596424,0.17470888600042694
120,12100,0.728888575553894,0.9007226943969727,11.571860350153177,6.1526483321708385,0.5107843137254902,0.3333333333333333,0.271334139620416,1.070671812693278,8.893591449781338,7.9493707441294585,0.2822477650063857,0.20178799489144317,0.16500096957857835
121,12200,0.7305597138404846,0.8796353600241921,11.304211233383745,6.3653148307589955,0.4892156862745098,0.3323529411764706,0.2693165267492726,1.049802013238271,8.604726060112627,7.828280710194897,0.29842486164325244,0.21541081311196253,0.17845776760289098
122,12300,0.7265982837677004,0.8744522701610219,11.453000094463606,6.200943365987976,0.5107843137254902,0.3607843137254902,0.2935620170123572,1.054376192887624,8.58869366731449,7.919489294974824,0.2775649212430822,0.20008514261387825,0.16362668768838315
123,12400,0.7254819126129151,0.9077445246956565,11.465417524943147,6.165554816581127,0.4950980392156863,0.34411764705882353,0.28402169491450713,1.074257226785024,8.699197964291313,7.826834707385422,0.29118773946360155,0.21541081311196253,0.17884807965842262
124,12500,0.7267060794830321,0.9062832138755106,10.494398313712834,6.119778059465644,0.4843137254901961,0.34509803921568627,0.2964020833356527,1.064474312464396,7.664227600082614,7.848405564435452,0.26436781609195403,0.1966794380587484,0.1692818129542108
125,12600,0.7250395855903625,0.8777288003401321,11.359119643253836,5.970571600251001,0.5176470588235295,0.37058823529411766,0.3032356863342139,1.065850841999054,8.388782910492072,7.917007034642117,0.2677735206470839,0.205193699446573,0.17105045931263657
126,12700,0.7216120581626891,0.9077333190224387,9.771546181095147,5.820905487257488,0.4843137254901961,0.38235294117647056,0.3377916756632418,1.090742826461792,7.34711478535286,7.893855322920735,0.2567049808429119,0.20008514261387825,0.18004896643106924
127,12800,0.722338348388672,0.8684764948758211,10.978980627165342,5.9927578468713225,0.5098039215686274,0.37450980392156863,0.3110611366561219,1.0510552485783895,8.192417475386232,7.928369812399925,0.26479352916134524,0.2009365687526607,0.1699621001303046
128,12900,0.7184145121574403,0.8968791007995606,11.039908639961126,5.953819886974998,0.5176470588235295,0.3588235294117647,0.30031118605852813,1.0717260718345643,8.287983986517752,7.839369216728858,0.28054491272882076,0.20391656023839932,0.1723922037339567
129,13000,0.7167743806838989,0.894835749539462,10.626399488280335,5.856954572871731,0.49901960784313726,0.353921568627451,0.29675703681649385,1.0953229665756226,8.145233002559834,7.7992346901221055,0.27330779054916987,0.1966794380587484,0.16707362315680685
130,13100,0.7179515590667727,0.876482902873646,11.12289558592314,6.079062560542709,0.5127450980392156,0.3607843137254902,0.29748655967214177,1.0807886242866518,8.411900129420607,7.853816729549687,0.2767134951042997,0.20434227330779056,0.1666247967573454
131,13200,0.7169841437339783,0.9056378971446645,11.391209658178944,5.96024236300897,0.5343137254901961,0.3607843137254902,0.2969573819194732,1.0733349800109864,8.58021831038643,7.829038805973037,0.28437633035334187,0.21030225627926777,0.17557559928832084
132,13300,0.7177241525650025,0.8801914561878551,10.98451820301373,6.139252107216636,0.5117647058823529,0.3607843137254902,0.2970038678322054,1.0580212354660035,8.106467984643308,7.850530640116973,0.27458492975734355,0.21115368241805024,0.1795267922819574
133,13400,0.7126275949478149,0.8857188484885476,10.887285234377696,6.062497909393815,0.492156862745098,0.36666666666666664,0.313057489568752,1.0747325340906777,8.340031484296553,7.965381109355855,0.28011919965942955,0.205193699446573,0.174509851077582
134,13500,0.7137118229866027,0.8927174828269265,10.133586497970871,5.943306613872806,0.4852941176470588,0.3715686274509804,0.32351072521559615,1.0618894934654237,7.564019231493798,7.850711861114959,0.26053639846743293,0.19710515112813964,0.1730986297686751
135,13600,0.7104337148666383,0.8773690570484508,10.656000257629445,6.1527338874081785,0.4931372549019608,0.3686274509803922,0.31844366501325666,1.0690117835998534,8.009289981217082,7.925212608155424,0.27543635589612603,0.2120051085568327,0.18533432903174143
136,13700,0.7107574462890627,0.892318326776678,10.503238529787838,5.8362245857359545,0.49607843137254903,0.3803921568627451,0.32197037025581116,1.104768200715383,7.892027550324304,7.885353762780312,0.2660706683695189,0.19710515112813964,0.16902646507784
137,13800,0.7100238184928894,0.8731162548065186,10.852399411961045,6.1931594405547035,0.4970588235294118,0.35294117647058826,0.2955504913539236,1.0894015232721965,8.101442464795314,7.945128238512427,0.27415921668795235,0.20604512558535548,0.17476865167392358
138,13900,0.7054023203849793,0.8959589004516602,10.573626678173436,6.237911358302745,0.4892156862745098,0.34509803921568627,0.29437129731097483,1.0663012981414794,7.6547762306442575,7.931304104513505,0.2545764154959557,0.19199659429544488,0.16898372079537125
139,14000,0.7086745686531069,0.8948681918057528,10.269581256947081,5.880362118044418,0.503921568627451,0.3843137254901961,0.3389362901086509,1.092735513051351,7.560457939679772,7.812275139476401,0.26905065985525756,0.20476798637718177,0.18129966984160806
140,14100,0.7038141741752625,0.8857518369501288,11.826917528748833,6.262379343704944,0.5088235294117647,0.35,0.2806888880441316,1.105582877000173,9.044349382104734,8.196584440909028,0.2907620263942103,0.2034908471690081,0.16792738416507222
141,14200,0.7025406622886657,0.9123393752358177,10.517387932499844,5.954876226145156,0.5196078431372549,0.3892156862745098,0.3291579857829269,1.1439318736394248,7.7689164728536175,7.961562055341633,0.26862494678586635,0.19625372498935717,0.16870148827328316
142,14300,0.7021435260772706,0.9383861975236374,10.683312338146338,5.831009816673978,0.5049019607843137,0.38235294117647056,0.3224072668048982,1.1036789139111838,8.136369636918996,7.812968866471819,0.27586206896551724,0.20859940400170285,0.17700989664636207
143,14400,0.7020160536766052,0.9255080223083496,10.82854260376753,5.850263918722131,0.5117647058823529,0.3735294117647059,0.31599591903060176,1.1095340927441917,8.115745084378167,7.829385134519239,0.2664963814389102,0.19710515112813964,0.16631104592775023
144,14500,0.701306131839752,0.9043528470126065,11.372015184034742,6.094815211274669,0.5019607843137255,0.35490196078431374,0.29793714478526845,1.104172420501709,8.762560147996027,8.010579032280315,0.280970625798212,0.20051085568326948,0.17033055166471192
145,14600,0.699821385860443,0.8950962326743387,11.079244992220264,6.290288125543791,0.49607843137254903,0.33725490196078434,0.28061575070246725,1.1056875109672546,8.40515912976676,8.040445382451738,0.2737335036185611,0.20306513409961685,0.1714530580387171
146,14700,0.6950871753692627,0.9028816483237526,10.84342291118321,6.213875724135381,0.5107843137254902,0.3656862745098039,0.31122989146127406,1.0972663164138794,8.167577931421274,8.004146188614412,0.27543635589612603,0.20604512558535548,0.17778836677256477
147,14800,0.6965963635444641,0.8804927219044079,11.78052514875865,6.1139705163873055,0.5284313725490196,0.36176470588235293,0.29921293911407026,1.0972271283467612,8.743817918164327,7.979832667832469,0.2937420178799489,0.2175393784589187,0.18016664492885842
148,14900,0.6949692974090576,0.9196168726140802,10.350250804015504,6.015918593627797,0.49117647058823527,0.34509803921568627,0.2932261205561332,1.1277812798817954,7.676432210224821,7.777357784345627,0.2558535547041294,0.1856108982545764,0.16010075874804355
149,15000,0.6948021001815796,0.8958227764476429,11.112427443632281,6.018169063804997,0.5225490196078432,0.37450980392156863,0.31758750825914955,1.089525051911672,8.195474427542214,7.95854751769155,0.27032779906343124,0.2034908471690081,0.17348341720415783
150,15100,0.6950039253234863,0.9119683092290706,10.959953391748295,5.987179343422543,0.5068627450980392,0.36470588235294116,0.3081267974997525,1.1039098501205444,8.186003573822026,7.742540626604063,0.2728820774797786,0.20859940400170285,0.17618236027612616
151,15200,0.6924798154830935,0.8925108129327947,11.456217493426825,6.383369506437326,0.5009803921568627,0.34901960784313724,0.28516821540838316,1.099715789159139,8.869361287780539,8.098399743389834,0.28991060025542786,0.2120051085568327,0.17466462210868067
152,15300,0.6914934916496278,0.9056983167474921,11.69706792508204,6.1516471417516545,0.5225490196078432,0.3480392156862745,0.27955065880539276,1.1115824143091837,8.899746935490764,7.981215988855257,0.29544487015751386,0.2120051085568327,0.17233494970250918
153,15400,0.6852764987945557,0.8974966829473321,10.23469486159925,5.977636376753223,0.49411764705882355,0.36470588235294116,0.32076449877877655,1.1148351033528645,7.674777748057624,7.752557775889196,0.2613878246062154,0.199659429544487,0.1755278656652701
154,15500,0.687007761478424,0.8947163408452816,10.987376740849628,6.200901641863014,0.5127450980392156,0.37058823529411766,0.31568599058688096,1.1068944493929544,8.50344149916765,7.981187082133913,0.286504895700298,0.21243082162622393,0.18037012123552046
155,15600,0.687522744655609,0.9208002870733089,11.24517303683647,6.164385392223411,0.5068627450980392,0.34215686274509804,0.28818558638110636,1.12151753505071,8.565070391425524,8.11581521444184,0.27543635589612603,0.20008514261387825,0.16828458279019717
156,15700,0.6855270667076111,0.8823414715853605,10.62333198422902,6.103252055919877,0.5088235294117647,0.36764705882352944,0.31959622040671903,1.1162266850471496,8.052122090968641,8.095561375812679,0.26990208599404003,0.19753086419753085,0.17325571370398946
157,15800,0.6867648520469665,0.8924415068192915,10.710147787662331,5.788579166154673,0.5078431372549019,0.37549019607843137,0.32448394261902436,1.1067055106163024,8.109440582010981,7.870025709414788,0.2622392507449979,0.20178799489144317,0.1753609782333141
158,15900,0.6857895908355712,0.9023428223349831,11.090747678728281,6.004209726215791,0.5186274509803922,0.38333333333333336,0.3243987170433297,1.1241877794265747,8.716897354927525,7.980886167446832,0.2894848871860366,0.21285653469561516,0.1794967515040973
159,16000,0.6819024744033813,0.9046719030900436,11.32780287220366,6.244680282916188,0.5186274509803922,0.3607843137254902,0.30236220661309726,1.1283712983131409,8.82308110595091,7.975634080596392,0.29118773946360155,0.20689655172413793,0.17482468036106621
160,16100,0.6768279752731325,0.9138667193326083,11.185840367501028,5.851732937744665,0.5294117647058824,0.38529411764705884,0.32120196924344246,1.1459383686383564,8.400071462209498,7.816298878961942,0.27330779054916987,0.20178799489144317,0.1719567324084838
161,16200,0.6783457198143006,0.9082948077808727,10.633822301430618,6.06707122228292,0.49607843137254903,0.3588235294117647,0.31170220772533747,1.1090694824854532,8.376683757696243,7.891100547024647,0.2775649212430822,0.20008514261387825,0.17230439915082807
162,16300,0.6767554354667663,0.9155172348022461,10.880421438819509,5.983125811558594,0.5117647058823529,0.3941176470588235,0.3388698626331927,1.1290367444356282,8.216117062285939,7.977170411798518,0.28011919965942955,0.20732226479352917,0.1787596537462606
163,16400,0.6724971165657042,0.9131586508317429,11.000015351419277,6.067927789930808,0.5068627450980392,0.3735294117647059,0.31507209991368296,1.1151031335194908,8.381409240501215,8.046142083593416,0.2681992337164751,0.205193699446573,0.17651238599504662
164,16500,0.6721511244773866,0.9388790650801225,10.997722215508388,6.060265370604651,0.5147058823529411,0.3872549019607843,0.3332663163618308,1.1525835871696473,8.701461753147285,8.019889886350274,0.2775649212430822,0.20136228182205193,0.17091944998910452
165,16600,0.6733955659866331,0.9152145038951527,10.627105123039344,5.905153291057842,0.5049019607843137,0.3803921568627451,0.3245720072815989,1.1291481971740722,7.986987661845493,7.816849175428346,0.27501064282673476,0.21243082162622393,0.18497941987858943
166,16700,0.6725737495422364,0.9116500767794523,10.628507805488816,5.91412744436578,0.5127450980392156,0.3990196078431373,0.3472762169746608,1.1285099466641746,7.922551109774408,7.7501105086577535,0.2822477650063857,0.210727969348659,0.18245616079563334
167,16800,0.6687228059768678,0.9169146364385431,11.038224134783382,6.011743627026911,0.5078431372549019,0.37941176470588234,0.32073673558281995,1.1315120975176494,8.622330473595946,7.91732292902919,0.28693060876968923,0.20945083014048532,0.176689573712653
168,16900,0.6683489389419556,0.9206300388682973,10.567800947201944,5.935736612356515,0.5019607843137255,0.3715686274509804,0.3185210645117075,1.1358022371927898,8.067333621803762,7.953482316639026,0.2677735206470839,0.19880800340570456,0.17113900409832516
169,17000,0.6739313097000122,0.9124795090068472,10.594401820612358,5.8304612493935215,0.49411764705882355,0.38529411764705884,0.3321053670829873,1.1194672385851543,7.728762528169883,7.8431523651449115,0.2571306939123031,0.20136228182205193,0.17585599108435318
170,17100,0.664721293449402,0.9204911405389958,11.384207121137294,5.952102475977041,0.5274509803921569,0.38529411764705884,0.3247985912925992,1.1364651759465536,8.813918869052202,7.904311677247798,0.2822477650063857,0.20434227330779056,0.17095862599858674
171,17200,0.6686419110298157,0.9003699476068671,10.93997825428052,5.936369433144735,0.5058823529411764,0.37941176470588234,0.32480992506308437,1.1212380488713583,8.28364565845511,7.944273349326787,0.27501064282673476,0.20604512558535548,0.1747094529031635
172,17300,0.6661547112464905,0.9092511003667657,11.18005063851777,6.048477091832081,0.5166666666666667,0.38529411764705884,0.32348959544993433,1.1385420322418212,8.530163847767634,7.997363532878521,0.28735632183908044,0.210727969348659,0.17968430948978728
173,17400,0.6643192782402041,0.9228620962663132,10.143018040518546,6.104720298752777,0.4745098039215686,0.3656862745098039,0.3201836555817643,1.105613927046458,7.357347831048728,7.896201169872217,0.25287356321839083,0.2009365687526607,0.17940182712444422
174,17500,0.6586124396324157,0.9542020190845836,11.047765007021601,5.845864582835874,0.5215686274509804,0.3911764705882353,0.33453144485525277,1.1438214818636576,8.477420889114903,7.800745692817393,0.3009791400595998,0.22349936143039592,0.1934751509887254
175,17600,0.6613001842498779,0.8979654225436124,11.005356398317844,5.858892679887528,0.5176470588235295,0.396078431372549,0.33530222039814295,1.1209254503250123,8.439641589098109,7.819603333085739,0.2826734780757769,0.20561941251596424,0.17624056621203582
176,17700,0.6556932859420778,0.9221801671114835,10.91134573807309,6.054154253106696,0.5,0.38235294117647056,0.3281660705221932,1.1271973888079325,8.244782189505873,8.049787628421146,0.27501064282673476,0.20391656023839932,0.17527246023525833
177,17800,0.6581764354705811,0.9244620063088156,10.58589816697737,5.976032956444437,0.5058823529411764,0.3980392156862745,0.34509056972562613,1.1495322783788045,7.836269281249713,7.92624523977031,0.2652192422307365,0.20987654320987653,0.18361840333190282
178,17900,0.6591913990974426,0.8974496754732999,10.92482437621725,5.755525219700588,0.5450980392156862,0.40784313725490196,0.350200347474455,1.1492323915163676,8.13590358282846,7.87092205386883,0.2839506172839506,0.20987654320987653,0.18063360786133842
179,18000,0.6552992305755616,0.9248818744312634,10.756105081646329,5.975297380072006,0.5235294117647059,0.3931372549019608,0.34179738837490586,1.1625558654467267,8.125409575815578,8.045388003123136,0.2720306513409962,0.210727969348659,0.18289912441632636
180,18100,0.655704095363617,0.9184703566811301,10.992128218464845,5.9628805131892255,0.5186274509803922,0.37058823529411766,0.3161399377451733,1.1624509970347086,7.999391817040663,7.923124499903517,0.27032779906343124,0.20391656023839932,0.17593260710252737
181,18200,0.6516373858451844,0.9247516111894086,10.826240155745982,5.892710439058058,0.5303921568627451,0.3843137254901961,0.332672143599134,1.1548420548439025,7.897887932385512,7.77258766973203,0.2728820774797786,0.20476798637718177,0.17713169785014285
182,18300,0.6482308020591735,0.9286864280700683,10.825871333154987,5.922978997863022,0.503921568627451,0.38823529411764707,0.3341431131762104,1.1609246373176574,8.234880172882324,7.8348051558703995,0.27330779054916987,0.20902511707109409,0.18097519369912793
183,18400,0.6529352798461915,0.9395588267933239,11.564801918525541,5.9748821992734396,0.5352941176470588,0.3990196078431373,0.32675037942137103,1.1711593548456827,8.819052766335531,7.94563895300562,0.29203916560238397,0.21328224776500637,0.17750999011601665
184,18500,0.6503097543716432,0.9175551934675737,11.249745881523395,6.284603368371262,0.5215686274509804,0.3686274509803922,0.3140805264779802,1.1456273873647056,8.234948825917021,8.133559811531619,0.28437633035334187,0.20561941251596424,0.17620903985308775
185,18600,0.6482931742668153,0.9286021926186302,11.075266148382573,5.987494077680728,0.5186274509803922,0.38823529411764707,0.3310988061835098,1.1315385500590007,8.234543044944852,7.93458199405113,0.2728820774797786,0.20178799489144317,0.17369241690287215
186,18700,0.6453383541107178,0.9204688418995249,10.690683743073638,5.983244637613104,0.5078431372549019,0.37549019607843137,0.32512708618763925,1.1790770411491394,7.90070981348248,7.762362221977851,0.2656449553001277,0.2077479778629204,0.1812335317718716
187,18800,0.6469614596366883,0.9320158698342063,10.948952539207744,5.985318715955377,0.5235294117647059,0.38823529411764707,0.3393151408945768,1.174147077401479,8.414910470700285,7.839432914912522,0.2830991911451682,0.21583652618135377,0.18896856624666972
188,18900,0.6379061188697814,0.9339562329378995,10.500370084093822,6.067462960618297,0.5107843137254902,0.3843137254901961,0.3348203598629151,1.1853105862935385,8.006127555772572,7.912700692390175,0.27543635589612603,0.20945083014048532,0.18493004656987533
189,19000,0.645485812664032,0.9244377483021129,10.797082583243359,5.775094616043682,0.5245098039215687,0.3941176470588235,0.34095811753062244,1.1554563244183857,8.005510169271425,7.627439940376665,0.27501064282673476,0.21413367390378885,0.18735635107575802
190,19100,0.6442855548858643,0.9324961055408824,11.277806820118153,6.085701626158807,0.5284313725490196,0.3696078431372549,0.31641461746835337,1.1701623400052388,8.765978080633467,7.920959645739984,0.2933163048105577,0.21413367390378885,0.18174574847311512
191,19200,0.644707799911499,0.9364608591253106,11.243907943354944,5.9735481629647955,0.5186274509803922,0.36666666666666664,0.31136170205934804,1.1419769644737243,8.472842693847422,7.760776267892971,0.2886334610472541,0.21115368241805024,0.17778484828300825
192,19300,0.6386095142364503,0.9255105712197044,11.5522408161486,6.118367726711351,0.5166666666666667,0.3656862745098039,0.3022773965340311,1.1503159443537394,8.778352595215285,7.848212054561938,0.2839506172839506,0.20008514261387825,0.16604397513894556
193,19400,0.6434691224098205,0.9457278338345614,11.343663352273433,6.004137918080401,0.5215686274509804,0.37450980392156863,0.31648895274752653,1.1845629930496215,8.675402961182975,7.883894219725615,0.29203916560238397,0.20859940400170285,0.17558287836022365
194,19500,0.6396771540641786,0.894553314555775,11.043687218330994,5.999284360199869,0.5088235294117647,0.3715686274509804,0.31562737459425344,1.1471965869267782,8.345037105881211,8.046828046692351,0.2681992337164751,0.19625372498935717,0.16582345164604356
195,19600,0.6386156249046325,0.9560468326915394,11.834937337315793,6.112062498046781,0.5362745098039216,0.3715686274509804,0.30636244872115176,1.1772538701693216,8.842107140646766,8.027725005118153,0.280970625798212,0.19582801191996593,0.16201170087490877
196,19700,0.6340413680076599,0.9126089356162332,11.21461310913094,6.104049591344783,0.5215686274509804,0.3735294117647059,0.3163181625251385,1.139388350645701,8.40632904610725,7.832674374329483,0.2669220945083014,0.194125159642401,0.1641497619708187
197,19800,0.6363383893966674,0.95412560376254,11.002967983274335,6.139111056628573,0.5098039215686274,0.3735294117647059,0.32027152740175835,1.1616032560666403,8.351064705119635,7.874700932138336,0.28139633886760324,0.21541081311196253,0.18626769099596793
198,19900,0.6306491227149962,0.9185332384976473,10.61959872698967,6.027236745039526,0.5117647058823529,0.3843137254901961,0.3377558446895035,1.1448676029841105,8.080164432495984,7.719278688736134,0.29118773946360155,0.22137079608343976,0.19345775577959606
199,20000,0.6326153197288513,0.9425171852111816,11.034342799439386,6.0861048072203765,0.5127450980392156,0.3813725490196078,0.3314378943079188,1.1607314229011534,8.230151855941534,7.997559874839925,0.2822477650063857,0.21030225627926777,0.1825830287576982
